experiment,test_accuracy,test_loss
30 layers,0.928600013256073,0.21415220201015472
40 layers,0.933899998664856,0.19705061614513397
50 layers,0.9350000023841858,0.19403386116027832
